{
  "Standard PSI Gauge": {
    "pressure": 76.99898927072135,
    "unit": "PSI",
    "timestamp": 1778067398.4362633
  }
}