{
  "gauge_name": "default_psi",
  "unit": "PSI",
  "min_angle": 120.26278970949642,
  "max_angle": 60.91931236663066,
  "min_pressure": 0,
  "max_pressure": 100
}